Designator,Value,Package,MidX_mm,MidY_mm,Rotation_deg,Layer
U6,ESP32-S3-WROOM-1-N16R8,RF_Module:ESP32-S3-WROOM-1,24.000,20.000,0,Top
U7,MCP2518FD,Package_SO:SOIC-14_3.9x8.7mm_P1.27mm,44.000,13.000,0,Top
U8,MCP2518FD,Package_SO:SOIC-14_3.9x8.7mm_P1.27mm,44.000,31.000,0,Top
U9,ISO1042BDWVR,Package_SO:SOIC-8_5.3x5.3mm_P1.27mm,58.000,12.000,0,Top
U10,ISO1042BDWVR,Package_SO:SOIC-8_5.3x5.3mm_P1.27mm,58.000,33.000,0,Top
U1,TPS54360B-Q1,Package_SO:HSOP-8-1EP_3.9x4.9mm_P1.27mm,14.000,40.000,0,Top
U2,TLV62569,Package_TO_SOT_SMD:SOT-23-6,30.000,42.000,0,Top
U3,A0505S-1WR3,Converter_DCDC:Converter_DCDC_MORNSUN_A_SIP,51.000,6.500,0,Top
U4,A0505S-1WR3,Converter_DCDC:Converter_DCDC_MORNSUN_A_SIP,51.000,43.000,0,Top
U5,LM66100,Package_TO_SOT_SMD:SOT-363_SC-70-6,TBD,TBD,0,Top
U11,LM74700-Q1,Package_TO_SOT_SMD:SOT-23-6,TBD,TBD,0,Top
Q1,CSD18532Q5B,Package_DFN_QFN:Texas_SON-8_5x6mm,TBD,TBD,0,Top
D1,USBLC6-2SC6,Package_TO_SOT_SMD:SOT-23-6,TBD,TBD,0,Top
D2,SMCJ33A,Diode_SMD:D_SMC,TBD,TBD,0,Top
D3,PESD2CAN,Package_TO_SOT_SMD:SOT-23,TBD,TBD,0,Top
D4,PESD2CAN,Package_TO_SOT_SMD:SOT-23,TBD,TBD,0,Top
D5,SMAJ5.0A,Diode_SMD:D_SMA,TBD,TBD,0,Top
D6,SS34,Diode_SMD:D_SMA,TBD,TBD,0,Top
Y1,40MHz,Oscillator:Oscillator_SMD_Abracon_ASE-4Pin_3.2x2.5mm,44.000,22.000,0,Top
F1,3A 250V,Fuse:Fuse_Schurter_UMT-250,TBD,TBD,0,Top
L1,4.7uH,Inductor_SMD:L_Bourns-SRP1245A,TBD,TBD,0,Top
L2,22uH,Inductor_SMD:L_Wurth_WE-PD-7345,TBD,TBD,0,Top
L3,2.2uH,Inductor_SMD:L_Wurth_WE-MAPI_3015,TBD,TBD,0,Top
J1,USB-C,Connector_USB:USB_C_Receptacle_GCT_USB4105-GF-A,4.000,25.000,0,Top
J2,Micro-Fit 12ckt,Connector_Molex:Molex_Micro-Fit-3.0_2x06,40.000,46.000,0,Top
J3,1x4 2.54,Connector_PinHeader_2.54mm:PinHeader_1x04_P2.54mm_Vertical,24.000,35.000,0,Top
J4,1x3 2.54,Connector_PinHeader_2.54mm:PinHeader_1x03_P2.54mm_Vertical,TBD,TBD,0,Top
J5,1x3 2.54,Connector_PinHeader_2.54mm:PinHeader_1x03_P2.54mm_Vertical,TBD,TBD,0,Top
SW1,Tactile,Button_Switch_SMD:SW_SPST_PTS645,12.000,7.000,0,Top
SW2,Tactile,Button_Switch_SMD:SW_SPST_PTS645,12.000,13.000,0,Top
CMC1,CAN CMC,Inductor_SMD:L_TDK_ACT45B,64.500,12.000,0,Top
CMC2,CAN CMC,Inductor_SMD:L_TDK_ACT45B,64.500,33.000,0,Top
LED1,Green,LED_SMD:LED_0603_1608Metric,TBD,TBD,0,Top
LED2,Blue,LED_SMD:LED_0603_1608Metric,TBD,TBD,0,Top
LED3,Amber,LED_SMD:LED_0603_1608Metric,TBD,TBD,0,Top
LED4,Amber,LED_SMD:LED_0603_1608Metric,TBD,TBD,0,Top
LED5,Blue,LED_SMD:LED_0603_1608Metric,TBD,TBD,0,Top
R1,5.1k (x2),Resistor_SMD:R_0402_1005Metric,TBD,TBD,0,Top
R2,100k,Resistor_SMD:R_0603_1608Metric,TBD,TBD,0,Top
R3,22k,Resistor_SMD:R_0603_1608Metric,TBD,TBD,0,Top
R4,1k (x5),Resistor_SMD:R_0603_1608Metric,TBD,TBD,0,Top
R5,10k (x2),Resistor_SMD:R_0603_1608Metric,TBD,TBD,0,Top
R6,10k (x2),Resistor_SMD:R_0603_1608Metric,TBD,TBD,0,Top
R7,60R (x4),Resistor_SMD:R_0603_1608Metric,TBD,TBD,0,Top
R8,120R (x2),Resistor_SMD:R_0603_1608Metric,TBD,TBD,0,Top
R9,52.3k,Resistor_SMD:R_0603_1608Metric,TBD,TBD,0,Top
R10,10k,Resistor_SMD:R_0603_1608Metric,TBD,TBD,0,Top
R11,182k,Resistor_SMD:R_0603_1608Metric,TBD,TBD,0,Top
R12,499k,Resistor_SMD:R_0603_1608Metric,TBD,TBD,0,Top
R13,75k,Resistor_SMD:R_0603_1608Metric,TBD,TBD,0,Top
R14,540k,Resistor_SMD:R_0603_1608Metric,TBD,TBD,0,Top
R15,120k,Resistor_SMD:R_0603_1608Metric,TBD,TBD,0,Top
C1,100uF 50V,Capacitor_SMD:CP_Elec_10x10.5,TBD,TBD,0,Top
C2,10uF 50V (x2),Capacitor_SMD:C_1210_3225Metric,TBD,TBD,0,Top
C3,4.7uF 50V,Capacitor_SMD:C_1206_3216Metric,TBD,TBD,0,Top
C4,47uF 16V,Capacitor_SMD:C_1210_3225Metric,TBD,TBD,0,Top
C5,22uF 10V,Capacitor_SMD:C_0805_2012Metric,TBD,TBD,0,Top
C6,2.2nF,Capacitor_SMD:C_0402_1005Metric,TBD,TBD,0,Top
C7,100nF 50V (x4),Capacitor_SMD:C_0603_1608Metric,TBD,TBD,0,Top
C8,100nF (x12),Capacitor_SMD:C_0402_1005Metric,TBD,TBD,0,Top
C9,10uF 25V (x2),Capacitor_SMD:C_0805_2012Metric,TBD,TBD,0,Top
C10,4.7uF 16V,Capacitor_SMD:C_0603_1608Metric,TBD,TBD,0,Top
C11,18pF (x2),Capacitor_SMD:C_0402_1005Metric,TBD,TBD,0,Top
